,City,Cloudiness,Country,Date,Humidity,Lat,Lng,Max Temp,Wind Speed
0,Bahia de Caraquez,40,EC,1573094918,78,-0.6,-80.42,23.0,5.1
1,Lhokseumawe,80,ID,1573094918,74,5.18,97.15,27.04,1.55
2,Kiunga,82,PG,1573094918,58,-6.12,141.3,31.4,0.98
3,Prainha,60,BR,1573094918,62,-1.8,-53.48,27.63,1.57
4,Kokkola,100,FI,1573094918,84,63.84,23.13,2.78,1.5
5,Yellowknife,5,CA,1573094665,84,62.45,-114.38,-12.22,2.1
6,Khatanga,47,RU,1573094807,81,71.98,102.47,-22.33,4.08
7,Haines Junction,100,CA,1573094918,95,60.75,-137.51,-1.65,3.09
8,Rikitea,0,PF,1573094778,72,-23.12,-134.97,25.33,1.68
9,Sola,98,TZ,1573094919,70,-3.17,33.8,20.87,2.0
10,Irkutsk,75,RU,1573094919,76,52.29,104.28,0.0,1.0
11,La Ronge,90,CA,1573094793,72,55.1,-105.3,-10.0,2.6
12,Mataura,100,NZ,1573094919,69,-46.19,168.86,19.26,1.2
13,Carnarvon,0,ZA,1573094828,71,-30.97,22.13,6.98,6.61
14,Mishelevka,98,RU,1573094919,78,52.86,103.17,-0.79,1.18
15,Mackay,75,CA,1573094919,85,53.65,-115.58,-9.0,1.0
16,Ugoofaaru,0,MV,1573094919,73,5.67,73.0,27.93,3.58
17,Hobart,75,AU,1573094871,57,-42.88,147.33,11.67,11.3
18,Luanda,75,AO,1573094778,88,-8.83,13.24,25.0,1.5
19,Kapaa,20,US,1573094803,65,22.08,-159.32,30.0,7.2
20,Beoumi,20,CI,1573094920,100,7.67,-5.58,23.0,2.1
21,Mar del Plata,0,AR,1573094920,31,-46.43,-67.52,9.79,15.19
22,Cape Town,75,ZA,1573094920,67,-33.93,18.42,15.56,3.1
23,Terra Santa,96,BR,1573094920,55,-2.1,-56.49,27.81,1.26
24,Albany,75,US,1573094731,59,42.65,-73.75,3.89,1.5
25,Barrow,20,AR,1573094920,39,-38.31,-60.23,16.5,4.52
26,Adrar,0,DZ,1573094921,36,27.87,-0.29,16.0,6.2
27,Karatau,16,KZ,1573094921,57,43.18,70.46,0.56,0.45
28,Sitka,100,US,1573094921,60,37.17,-99.65,8.74,10.61
29,Ruteng,1,ID,1573094898,44,-8.61,120.46,30.12,3.02
30,Chumikan,100,RU,1573094921,53,54.72,135.31,-8.57,8.12
31,Kasama,6,ZM,1573094921,66,-10.21,31.19,18.44,2.33
32,Port Hardy,90,CA,1573094708,93,50.7,-127.42,8.0,1.5
33,Bredasdorp,23,ZA,1573094921,58,-34.53,20.04,15.0,9.3
34,Bethel,90,US,1573094848,90,60.79,-161.76,3.0,4.1
35,Hermanus,99,ZA,1573094922,67,-34.42,19.24,15.0,6.26
36,Puerto Ayora,5,EC,1573094922,93,-0.74,-90.35,20.56,1.34
37,Ushuaia,90,AR,1573094922,98,-54.81,-68.31,1.0,12.3
38,Kloulklubed,75,PW,1573094922,74,7.04,134.26,28.0,4.6
39,Geraldton,90,CA,1573094922,78,49.72,-86.95,-9.0,6.2
40,Ahipara,24,NZ,1573094922,76,-35.17,173.16,19.4,6.0
41,Butaritari,68,KI,1573094922,74,3.07,172.79,29.23,4.57
42,Kruisfontein,97,ZA,1573094771,80,-34.0,24.73,13.67,11.1
43,Coreau,0,BR,1573094923,86,-3.53,-40.66,22.4,1.12
44,Aksha,98,RU,1573094923,47,50.28,113.29,3.14,6.85
45,Chokurdakh,99,RU,1573094923,96,70.62,147.9,-11.77,1.82
46,Inta,100,RU,1573094923,96,66.04,60.13,-14.35,1.22
47,Punta Arenas,40,CL,1573094923,74,-53.16,-70.91,3.0,15.4
48,Nishihara,40,JP,1573094923,55,35.74,139.53,23.89,2.6
49,Faanui,3,PF,1573094923,81,-16.48,-151.75,27.13,7.34
50,Vaini,40,IN,1573094924,100,15.34,74.49,20.0,0.56
51,East London,100,ZA,1573094782,79,-33.02,27.91,18.78,6.73
52,Goose Creek,90,US,1573094924,93,38.32,-85.65,10.56,2.18
53,Busselton,0,AU,1573094924,32,-33.64,115.35,23.89,1.84
54,Husavik,5,CA,1573094924,76,50.56,-96.99,-10.0,3.52
55,Carlyle,20,CA,1573094924,84,49.63,-102.27,-17.0,3.1
56,Saskylakh,0,RU,1573094924,97,71.97,114.09,-30.32,2.65
57,Airai,17,TL,1573094924,36,-8.93,125.41,30.09,3.88
58,Phalombe,15,MW,1573094924,65,-15.81,35.65,20.83,2.25
59,Severo-Kurilsk,39,RU,1573094925,78,50.68,156.12,2.67,6.62
60,Tengzhou,0,CN,1573094925,19,35.11,117.16,23.89,3.87
61,Abha,19,SA,1573094925,34,18.22,42.5,14.0,2.21
62,Archidona,87,EC,1573094925,95,-0.91,-77.81,15.88,1.11
63,Atar,0,MR,1573094887,41,20.52,-13.05,18.79,3.81
64,Samagaltay,0,RU,1573094925,57,50.6,95.0,1.73,0.63
65,Lebu,20,ET,1573094925,66,8.96,38.73,12.0,1.5
66,Khandyga,100,RU,1573094925,90,62.65,135.58,-22.71,0.91
67,Meulaboh,83,ID,1573094925,79,4.14,96.13,27.01,4.25
68,Yangambi,100,CD,1573094925,99,0.77,24.47,20.64,0.53
69,Saldanha,25,PT,1573094926,81,41.42,-6.55,7.38,6.12
70,Cuajinicuilapa,0,MX,1573094926,91,16.47,-98.41,24.95,0.67
71,Tigre,33,AR,1573094926,68,-34.42,-58.58,23.33,2.1
72,Cherskiy,100,RU,1573094926,74,68.75,161.3,-2.32,4.89
73,Oranjemund,1,ZA,1573094926,88,-28.55,16.43,12.7,2.36
74,Srednekolymsk,100,RU,1573094926,94,67.46,153.71,-12.38,1.66
75,Port Alfred,100,ZA,1573094926,90,-33.59,26.89,16.67,3.13
76,Grand Gaube,75,MU,1573094926,83,-20.01,57.66,23.89,4.1
77,Tocatlan,75,MX,1573094926,63,19.38,-98.02,16.0,3.47
78,Qaanaaq,14,GL,1573094926,57,77.48,-69.36,-17.78,2.91
79,Pisco,0,PE,1573094927,88,-13.71,-76.2,17.78,5.7
80,Cascais,75,PT,1573094641,100,38.7,-9.42,17.0,4.1
81,Paamiut,87,GL,1573094927,47,61.99,-49.67,-1.17,4.7
82,Dongsheng,100,CN,1573094927,50,29.72,112.52,17.1,2.33
83,Jamestown,28,AU,1573094927,41,-33.21,138.6,18.8,7.22
84,San Felipe,0,CL,1573094927,23,-32.75,-70.73,12.25,3.29
85,Paso de los Toros,68,UY,1573094927,76,-32.81,-56.52,14.28,2.32
86,Goderich,99,CA,1573094927,78,43.74,-81.71,5.0,3.13
87,Bambous Virieux,75,MU,1573094927,83,-20.34,57.76,23.89,4.1
88,Maralal,0,KE,1573094928,78,1.1,36.7,16.84,4.26
89,Kahului,40,US,1573094928,65,20.89,-156.47,28.0,6.2
90,Sao Joao da Barra,100,BR,1573094928,87,-21.64,-41.05,22.5,4.93
91,Georgetown,40,GY,1573094928,100,6.8,-58.16,25.0,2.1
92,Ryotsu,20,JP,1573094928,59,38.08,138.43,19.0,4.1
93,Balikpapan,100,ID,1573094928,65,-1.24,116.86,29.96,2.23
94,Karoi,25,ZW,1573094928,50,-16.82,29.68,21.71,7.07
95,Surt,80,LY,1573094928,32,31.21,16.59,22.38,6.8
96,Inhambane,0,MZ,1573094928,89,-23.87,35.38,23.65,4.83
97,Kysyl-Syr,0,RU,1573094929,92,63.9,122.77,-22.65,1.7
98,Wyndham,41,GB,1573094929,87,51.61,-3.54,8.33,6.7
99,Sompeta,100,IN,1573094929,69,18.93,84.6,24.93,2.35
100,Longyearbyen,20,NO,1573094929,61,78.22,15.63,-9.0,1.58
101,Atuona,100,PF,1573094778,77,-9.8,-139.03,26.84,7.71
102,Eyl,25,SO,1573094929,81,7.98,49.82,26.52,3.81
103,Juegang,100,CN,1573094930,50,32.31,121.18,21.67,5.52
104,Kavieng,100,PG,1573094930,76,-2.57,150.8,28.81,7.1
105,Lewistown,90,US,1573094930,74,40.39,-90.15,6.11,8.2
106,Ribeira Grande,100,PT,1573094930,85,38.52,-28.7,15.9,3.26
107,Umtata,100,ZA,1573094930,93,-31.59,28.78,15.0,2.6
108,Kaitangata,67,NZ,1573094930,75,-46.28,169.85,15.0,3.13
109,Sudak,16,UA,1573094930,79,44.85,34.97,13.06,3.17
110,Hithadhoo,100,MV,1573094930,68,-0.6,73.08,28.03,2.69
111,Havoysund,24,NO,1573094930,79,71.0,24.66,-7.0,3.1
112,New Norfolk,75,AU,1573094930,57,-42.78,147.06,11.67,11.3
113,Iqaluit,40,CA,1573094852,77,63.75,-68.52,-14.0,3.6
114,Fillan,20,NO,1573094931,74,63.6,8.98,-1.67,4.1
115,Broome,89,GB,1573094931,93,52.47,1.45,10.56,3.1
116,Sterling,1,US,1573094931,80,39.0,-77.4,9.44,2.1
117,Thompson,90,CA,1573094931,77,55.74,-97.86,-15.0,1.5
118,Isangel,75,VU,1573094931,69,-19.55,169.27,28.0,6.2
119,Upernavik,100,GL,1573094829,93,72.79,-56.15,-4.36,1.65
120,Sambava,100,MG,1573094931,95,-14.27,50.17,21.42,1.15
121,Sabang,88,PH,1573094931,85,13.8,121.11,27.78,1.79
122,Namibe,75,AO,1573094932,80,-15.19,12.15,23.26,4.92
123,Mopti,0,ML,1573094932,27,14.49,-4.19,24.97,1.03
124,Chara,20,GR,1573094932,93,39.42,22.43,12.0,0.46
125,Dayong,0,CN,1573094932,47,25.02,118.29,24.0,4.0
126,Ilulissat,97,GL,1573094887,58,69.22,-51.1,-4.0,1.5
127,Pellerd,99,HU,1573094932,98,46.03,18.15,10.0,2.46
128,Srivardhan,53,IN,1573094932,80,18.03,73.02,26.01,2.23
129,Bluff,0,AU,1573094933,19,-23.58,149.07,31.33,1.44
130,Solnechnyy,100,RU,1573094933,64,50.72,136.64,-8.13,2.41
131,Mount Gambier,90,AU,1573094933,87,-37.83,140.78,13.0,8.7
132,Sorong,100,ID,1573094933,79,-0.86,131.25,28.49,1.93
133,Santa,6,PH,1573094933,75,17.49,120.43,29.23,1.74
134,Shubarshi,0,KZ,1573094933,71,48.59,57.19,-2.55,5.25
135,Felanitx,20,ES,1573094933,93,39.47,3.15,10.56,1.0
136,Guerrero Negro,100,MX,1573094933,86,27.97,-114.04,17.91,4.63
137,Hualmay,5,PE,1573094933,85,-11.1,-77.61,15.47,0.97
138,Norman Wells,75,CA,1573094934,66,65.28,-126.83,-9.0,5.7
139,Yakeshi,100,CN,1573094934,57,49.28,120.73,-5.66,6.49
140,Lexington,90,US,1573094934,57,38.05,-84.5,11.67,3.44
141,Rome,40,IT,1573094881,81,41.89,12.48,13.33,3.1
142,Am Timan,3,TD,1573094934,41,11.04,20.28,22.48,0.9
143,Provideniya,20,RU,1573094934,58,64.42,-173.23,-1.0,3.0
144,Dhidhdhoo,0,MV,1573094934,77,6.88,73.1,27.93,5.16
145,Himatangi,100,NZ,1573094934,62,-40.4,175.32,22.22,2.24
146,Tasiilaq,100,GL,1573094802,68,65.61,-37.64,-4.0,0.5
147,Lorengau,88,PG,1573094935,67,-2.02,147.27,29.05,3.87
148,Bom Jesus,0,BR,1573094935,38,-9.08,-44.36,24.62,1.98
149,Kavaratti,10,IN,1573094935,75,10.57,72.64,27.57,4.25
150,Constitucion,90,MX,1573094935,82,23.99,-104.67,16.11,1.0
151,Petropavlovka,0,RU,1573094935,62,50.61,105.32,0.54,1.04
152,Vestmannaeyjar,100,IS,1573094935,84,63.44,-20.27,4.12,6.35
153,Pevek,57,RU,1573094809,74,69.7,170.27,-3.6,3.75
154,Kieta,100,PG,1573094936,72,-6.22,155.63,28.55,2.32
155,Sar-e Pul,0,AF,1573094936,52,36.22,65.93,2.0,1.21
156,Suffolk,1,US,1573094701,93,36.73,-76.58,9.0,1.29
157,Erie,90,US,1573094762,42,42.13,-80.09,9.0,7.7
158,Novi Pazar,100,RS,1573094936,98,43.14,20.51,9.16,0.96
159,Namatanai,75,PG,1573094936,77,-3.66,152.44,28.73,9.1
160,Bud,52,NO,1573094936,79,62.91,6.91,-3.0,1.0
161,Hilo,1,US,1573094936,69,19.71,-155.08,28.0,3.1
162,Rio Gallegos,56,AR,1573094937,64,-51.62,-69.22,4.0,15.4
163,Torbay,20,CA,1573094829,80,47.66,-52.73,6.11,11.3
164,Vyazniki,98,RU,1573094937,83,56.25,42.14,11.09,6.96
165,Roald,86,NO,1573094937,86,62.58,6.12,-1.67,1.0
166,Ancud,100,CL,1573094937,81,-41.87,-73.83,7.98,2.71
167,Vilhena,100,BR,1573094937,95,-12.74,-60.15,21.64,1.26
168,Viedma,99,AR,1573094937,47,-40.81,-62.99,17.32,8.8
169,Port Elizabeth,1,US,1573094937,80,39.31,-74.98,8.0,1.44
170,Kidal,0,ML,1573094937,19,18.44,1.41,24.55,3.16
171,Lagoa,40,PT,1573094938,93,37.14,-8.45,16.11,2.1
172,Kalakamati,4,BW,1573094938,24,-20.59,27.31,21.28,5.38
173,Okha,100,RU,1573094938,70,53.59,142.95,-2.86,6.87
174,Nyurba,100,RU,1573094938,87,63.29,118.35,-19.66,2.6
175,Eureka,90,US,1573094938,100,40.8,-124.16,10.0,0.7
176,Bollnas,95,SE,1573094938,82,61.35,16.39,-3.57,1.93
177,Campo Formoso,34,BR,1573094938,73,-10.51,-40.32,20.66,5.95
178,Santa Maria,20,BR,1573094938,78,-16.02,-48.01,24.0,1.5
179,Nikolskoye,100,RU,1573094938,79,59.7,30.79,-3.33,5.0
180,Te Anau,80,NZ,1573094938,70,-45.41,167.72,13.35,2.76
181,Castro,97,CL,1573094773,97,-42.48,-73.76,1.92,0.81
182,Kempele,75,FI,1573094939,92,64.91,25.51,-15.0,1.5
183,Tuktoyaktuk,90,CA,1573094939,85,69.44,-133.03,-7.0,3.1
184,Chifeng,0,CN,1573094883,16,42.27,118.96,2.37,2.72
185,Noumea,0,NC,1573094810,42,-22.28,166.46,28.0,6.2
186,Naze,100,NG,1573094801,97,5.43,7.07,23.39,1.18
187,Cartagena del Chaira,100,CO,1573094939,99,1.33,-74.84,22.22,1.31
188,Aykhal,80,RU,1573094939,83,65.95,111.51,-26.0,2.0
189,Udachnyy,99,RU,1573094940,83,66.42,112.4,-26.0,2.0
190,Peace River,75,CA,1573094940,84,56.23,-117.29,-13.0,1.0
191,Olinda,90,AU,1573094940,45,-37.84,145.39,18.33,9.8
192,Novoseleznevo,94,RU,1573094940,87,55.68,69.21,1.79,6.83
193,Hokitika,100,NZ,1573094940,93,-42.72,170.96,13.84,9.79
194,Nouadhibou,0,MR,1573094940,72,20.93,-17.03,19.0,7.2
195,Lockport,75,CA,1573094940,78,50.09,-96.94,-10.0,2.6
196,Cidreira,31,BR,1573094940,77,-30.17,-50.22,19.77,11.26
197,Yangjiang,100,CN,1573094940,45,21.85,111.96,25.56,3.21
198,Esperance,90,AU,1573094941,63,-33.86,121.89,17.0,6.7
199,Tilichiki,100,RU,1573094941,91,60.47,166.1,0.7,7.0
200,General Pico,0,AR,1573094941,39,-35.66,-63.75,22.24,6.17
201,Barra Patuca,68,HN,1573094941,78,15.8,-84.28,27.94,5.62
202,Mahebourg,75,MU,1573094941,83,-20.41,57.7,23.89,4.1
203,River Falls,1,US,1573094941,57,44.86,-92.63,-4.44,1.5
204,Bealanana,100,MG,1573094941,94,-14.54,48.75,16.54,1.28
205,Rosario do Sul,0,BR,1573094941,78,-30.26,-54.91,14.4,4.08
206,Saint-Augustin,75,CA,1573094942,59,45.63,-73.98,4.0,3.6
207,Annau,0,TM,1573094942,17,37.89,58.52,0.0,1.0
208,Kadaya,100,RU,1573094942,46,50.93,119.29,-6.96,3.21
209,Tongliao,0,CN,1573094942,24,43.61,122.27,1.92,4.7
210,Esterhazy,54,CA,1573094942,93,50.65,-102.08,-17.53,3.3
211,Saint Anthony,1,US,1573094942,47,43.97,-111.68,4.0,2.6
212,Yar-Sale,8,RU,1573094942,96,66.83,70.83,-15.88,3.71
213,Cabra,9,ES,1573094649,75,37.47,-4.43,13.33,0.5
214,Temple,100,US,1573094943,68,31.1,-97.34,23.0,3.6
215,Saint George,20,GR,1573094943,93,39.45,22.34,12.0,0.46
216,Naryan-Mar,9,RU,1573094943,95,67.67,53.09,-12.21,1.95
217,Tiksi,89,RU,1573094943,99,71.64,128.87,-24.66,1.58
218,Nakambala,36,ZM,1573094943,60,-15.83,27.78,19.67,3.0
219,Tuatapere,100,NZ,1573094943,36,-46.13,167.69,18.91,3.11
220,Berlevag,75,NO,1573094944,92,70.86,29.09,-5.0,1.0
221,Harper,1,US,1573094944,77,30.3,-99.24,22.0,2.6
222,Fort Nelson,75,CA,1573094944,85,58.81,-122.69,-9.0,1.0
223,Avarua,10,CK,1573094944,78,-21.21,-159.78,25.0,4.1
224,Cabo San Lucas,75,MX,1573094678,78,22.89,-109.91,27.22,2.1
225,Brookhaven,1,US,1573094944,80,40.78,-72.92,7.78,3.14
226,Sira,29,IN,1573094944,72,13.74,76.91,22.97,1.22
227,Qaqortoq,100,GL,1573094945,63,60.72,-46.03,-2.0,2.1
228,Buraydah,20,SA,1573094945,55,26.33,43.97,19.0,1.0
229,Bontang,100,ID,1573094945,68,0.12,117.47,29.48,3.74
230,Colares,75,PT,1573094945,93,38.8,-9.45,17.0,6.2
231,Mogwase,0,ZA,1573094945,31,-25.28,27.22,19.77,0.71
232,Vardo,1,US,1573094889,80,39.62,-77.74,8.0,2.1
233,Kamenka,96,MD,1573094945,88,48.03,28.7,7.22,2.37
234,Maiduguri,0,NG,1573094946,18,11.84,13.15,25.36,2.42
235,Shingu,75,JP,1573094946,59,33.72,135.99,19.0,1.0
236,San Ignacio,43,PE,1573094946,97,-5.15,-79.0,15.7,0.78
237,San Patricio,69,PY,1573094946,94,-26.98,-56.83,21.68,2.13
238,Raiganj,0,IN,1573094946,54,25.63,88.13,24.53,1.48
239,Wufeng,25,CN,1573094946,71,27.44,104.87,11.81,1.69
240,Soe,90,EE,1573094946,92,57.91,26.05,-0.57,5.7
241,Russell,90,US,1573094946,64,38.9,-98.86,2.22,12.9
242,Pasco,1,US,1573094947,75,46.24,-119.1,7.78,1.5
243,Kirs,100,RU,1573094947,92,59.34,52.24,-4.53,4.32
244,Naftalan,40,AZ,1573094947,75,40.5,46.82,6.0,3.1
245,Gorontalo,98,ID,1573094947,51,0.54,123.06,30.55,2.99
246,Mao,20,DO,1573094920,88,19.55,-71.08,26.11,2.6
247,Araouane,1,ML,1573094947,23,18.9,-3.53,24.82,4.14
248,Victoria,75,BN,1573094947,70,5.28,115.24,30.0,2.1
249,Pilot Butte,40,CA,1573094948,84,50.48,-104.42,-15.57,4.6
250,Rio Grande,55,BR,1573094948,85,-32.03,-52.1,16.11,0.45
251,Swan Hill,100,AU,1573094948,41,-35.34,143.56,18.11,7.76
252,Ust-Tsilma,96,RU,1573094948,97,65.44,52.15,-13.08,1.14
253,Shache,59,CN,1573094948,72,38.42,77.24,7.78,2.51
254,Ciro Marina,100,IT,1573094948,86,39.37,17.13,16.26,3.9
255,Maxixe,0,MZ,1573094948,89,-23.86,35.35,23.65,4.83
256,Axim,93,GH,1573094948,95,4.87,-2.24,23.98,0.43
257,Guhagar,57,IN,1573094948,71,17.48,73.19,26.96,2.41
258,Hasaki,20,JP,1573094949,56,35.73,140.83,21.11,3.6
259,Sedona,1,US,1573094949,58,34.87,-111.79,13.33,5.7
260,Erzin,0,TR,1573094949,67,36.95,36.2,16.67,2.1
261,Sur,0,OM,1573094858,67,22.57,59.53,25.76,5.65
262,Sao Filipe,2,CV,1573094949,80,14.9,-24.5,23.8,8.34
263,Miguel Hidalgo,40,MX,1573094907,55,19.41,-99.19,18.0,3.6
264,Arraial do Cabo,100,BR,1573094949,85,-22.97,-42.02,22.44,3.35
265,Port Hedland,0,AU,1573094949,11,-20.31,118.58,40.0,2.6
266,Pak Phanang,20,TH,1573094949,70,8.35,100.2,31.0,1.5
267,Nchelenge,89,ZM,1573094949,74,-9.35,28.74,21.98,2.95
268,Orcopampa,81,PE,1573094950,54,-15.27,-72.34,3.72,1.38
269,Jiexiu,17,CN,1573094950,60,37.02,111.92,10.1,2.29
270,Zhoucheng,100,CN,1573094950,63,31.35,119.33,18.0,3.0
271,Talnakh,75,RU,1573094950,78,69.49,88.39,-9.0,7.0
272,Cayenne,91,GF,1573094835,94,4.94,-52.33,26.0,1.0
273,Hambantota,73,LK,1573094950,75,6.12,81.12,26.62,2.91
274,Maningrida,19,AU,1573094950,48,-12.05,134.23,32.56,5.74
275,Dunedin,65,NZ,1573094950,68,-45.87,170.5,17.22,5.36
276,Tiarei,20,PF,1573094951,58,-17.53,-149.33,31.0,3.1
277,Havre-Saint-Pierre,1,CA,1573094951,49,50.23,-63.6,-3.0,10.8
278,Lucapa,42,AO,1573094951,95,-8.42,20.74,18.31,0.52
279,Tolaga Bay,64,NZ,1573094951,60,-38.37,178.3,19.53,10.81
280,Sibolga,91,ID,1573094951,53,1.74,98.78,29.51,1.13
281,Alofi,14,NU,1573094951,74,-19.06,-169.92,26.0,2.6
282,Englewood,90,US,1573094776,82,39.65,-104.99,0.0,1.5
283,Luderitz,0,NA,1573094951,72,-26.65,15.16,15.0,6.2
284,Sao Domingos do Maranhao,63,BR,1573094951,65,-5.58,-44.39,25.51,2.25
285,Henties Bay,26,NA,1573094944,91,-22.12,14.28,13.7,0.53
286,Beyneu,100,KZ,1573094952,53,45.32,55.19,2.97,5.53
287,Yanam,100,IN,1573094952,78,16.73,82.22,27.0,2.6
288,Togur,100,RU,1573094952,95,58.36,82.83,1.95,5.77
289,Namie,75,JP,1573094952,59,37.52,140.86,21.11,5.1
290,Kasongo-Lunda,32,CD,1573094952,94,-6.48,16.82,18.47,0.51
291,Ouesso,100,CG,1573094952,97,1.61,16.05,20.68,0.56
292,Ambon,0,FR,1573094953,93,47.55,-2.56,9.44,4.1
293,Amuntai,100,ID,1573094904,41,-2.42,115.25,34.04,0.93
294,Tautira,20,PF,1573094953,58,-17.73,-149.15,31.0,3.1
295,Champerico,5,MX,1573094953,78,16.38,-93.6,24.0,4.1
296,Mende,100,FR,1573094953,97,44.52,3.5,3.48,2.36
297,Hami,98,CN,1573094953,24,42.84,93.51,12.13,4.62
298,Plettenberg Bay,100,ZA,1573094953,77,-34.05,23.37,14.57,6.36
299,Paracuru,75,BR,1573094953,74,-3.41,-39.03,27.0,6.2
300,Marica,90,BR,1573094954,94,-22.92,-42.82,23.0,3.1
301,Telma,75,RU,1573094954,73,52.7,103.72,0.0,1.0
302,Coihaique,2,CL,1573094954,52,-45.58,-72.07,7.0,2.1
303,Ponta do Sol,97,BR,1573094787,95,-20.63,-46.0,20.12,2.39
304,Bay Saint Louis,75,US,1573094954,88,30.31,-89.33,21.0,2.1
305,Cap Malheureux,75,MU,1573094954,83,-19.98,57.61,23.89,4.1
306,Burnie,64,AU,1573094859,54,-41.05,145.91,14.44,5.81
307,Saint-Louis,52,SN,1573094954,83,16.03,-16.5,23.0,3.1
308,Puerto del Rosario,75,ES,1573094955,68,28.5,-13.86,21.0,10.8
309,Albania,100,CO,1573094955,95,5.76,-73.91,19.05,1.34
310,Gat,86,SN,1573094798,83,14.69,-16.54,23.0,8.2
311,Farah,0,AF,1573094955,29,32.37,62.11,7.93,2.76
312,Bandundu,66,CD,1573094955,90,-3.32,17.38,20.58,0.6
313,Bialogard,52,PL,1573094955,10,54.01,15.99,7.78,1.01
314,Aklavik,90,CA,1573094764,61,68.22,-135.01,-10.0,2.6
315,Villamontes,100,BO,1573094955,75,-21.26,-63.47,23.43,2.26
316,Klaksvik,100,FO,1573094808,68,62.23,-6.59,2.0,3.6
317,Katobu,30,ID,1573094956,33,-4.94,122.53,36.29,1.84
318,Lermontovka,100,RU,1573094956,40,47.15,134.34,-7.41,5.67
319,Nikolayevsk-na-amure,100,RU,1573094956,77,53.14,140.72,-6.93,5.22
320,Minab,0,IR,1573094956,48,27.15,57.07,20.0,2.8
321,Atherton,0,AU,1573094956,52,-17.27,145.48,33.33,5.7
322,Lata,100,IN,1573094956,58,30.78,78.62,-2.64,2.09
323,Portland,1,US,1573094902,51,43.66,-70.25,3.89,2.1
324,Puqi,50,CN,1573094956,38,29.72,113.88,20.17,2.71
325,Santa Vitoria,39,BR,1573094957,96,-7.82,-67.03,23.21,0.44
326,Katsina,0,NG,1573094957,28,12.99,7.6,23.72,1.11
327,Harsin,0,IR,1573094957,93,34.27,47.59,3.0,0.7
328,Katsuura,40,JP,1573094798,51,33.93,134.5,21.11,1.0
329,Marsh Harbour,3,BS,1573094957,82,26.54,-77.06,26.1,8.18
330,Mount Isa,0,AU,1573094957,7,-20.73,139.49,34.0,4.1
331,Saint-Philippe,90,CA,1573094952,59,45.36,-73.48,4.44,4.6
332,Barry,41,GB,1573094958,87,51.4,-3.27,8.33,6.7
333,Beira,20,ES,1573094958,87,43.2,-8.36,12.78,2.6
334,Drinovci,100,HR,1573094958,67,43.85,16.01,15.0,4.6
335,Kirakira,100,SB,1573094958,71,-10.46,161.92,28.58,2.4
336,Kupang,20,ID,1573094958,55,-10.16,123.6,32.0,3.6
337,Uvalde,1,US,1573094958,64,29.21,-99.79,24.0,5.1
338,Tottori,75,JP,1573094958,49,35.5,134.23,20.0,3.1
339,Mayor Pablo Lagerenza,54,PY,1573094959,63,-19.93,-60.77,27.24,1.37
340,Livingstonia,11,MW,1573094959,88,-10.61,34.11,14.88,2.03
341,Alyangula,75,AU,1573094959,46,-13.85,136.42,34.0,4.6
342,Loa Janan,100,ID,1573094959,50,-0.58,117.09,32.09,2.39
343,Fukue,75,JP,1573094959,59,35.03,136.69,22.22,3.1
344,Bambanglipuro,5,ID,1573094959,50,-7.95,110.28,29.45,4.03
345,Pontianak,20,ID,1573094960,88,-0.02,109.34,27.0,1.5
346,Celestun,0,MX,1573094960,78,20.87,-90.4,27.29,7.17
347,Morondava,0,MG,1573094960,84,-20.3,44.28,24.05,1.26
348,Balakhta,52,RU,1573094960,62,55.38,91.62,0.56,5.28
349,Beringovskiy,96,RU,1573094960,87,63.05,179.32,-1.08,6.13
350,Boa Vista,97,BR,1573094716,65,2.82,-60.67,28.0,3.6
351,Necochea,16,AR,1573094753,63,-38.55,-58.74,22.22,4.02
352,Dikson,1,RU,1573094947,93,73.51,80.55,-24.24,5.28
353,Hofn,100,IS,1573094960,78,64.25,-15.21,2.68,5.56
354,Guiyang,75,CN,1573094961,67,26.58,106.71,14.0,3.0
355,Honiara,100,SB,1573094782,65,-9.43,159.96,29.09,1.78
356,Ayan,0,IR,1573094961,36,38.23,44.7,-0.77,0.42
357,Dalvik,99,SE,1573094961,86,57.79,14.13,0.0,1.0
358,Coquimbo,0,CL,1573094961,88,-29.95,-71.34,14.02,1.68
359,Chuy,97,UY,1573094961,74,-33.69,-53.46,15.22,3.12
360,Beloha,0,MG,1573094961,77,-25.17,45.06,21.51,3.16
361,Kampot,20,KH,1573094961,70,10.62,104.18,30.0,2.1
362,Mecca,0,SA,1573094961,61,21.43,39.83,23.76,0.84
363,Kawai,75,JP,1573094962,48,34.58,135.74,20.56,1.0
364,Lompoc,1,US,1573094879,81,34.64,-120.46,14.44,2.1
365,Cabedelo,40,BR,1573094962,83,-6.97,-34.84,25.0,2.1
366,Teguise,27,ES,1573094962,68,29.06,-13.56,20.0,6.2
367,The Valley,40,AI,1573094962,74,18.22,-63.06,28.0,6.2
368,Grindavik,75,IS,1573094962,86,63.84,-22.43,3.0,5.1
369,Bathsheba,40,BB,1573094962,69,13.22,-59.52,28.0,11.8
370,Tamala,100,RU,1573094962,92,52.54,43.26,11.6,7.56
371,Alice Springs,1,AU,1573094963,8,-23.7,133.88,32.0,5.7
372,Orsk,14,RU,1573094963,79,51.23,58.47,-4.0,4.0
373,Dagda,100,LV,1573094963,88,56.09,27.54,5.99,3.99
374,Codrington,75,AU,1573094807,9,-28.95,153.24,35.0,3.6
375,Ulcinj,90,ME,1573094963,100,41.93,19.22,13.0,0.5
376,Vieques,20,PR,1573094963,83,18.43,-65.83,28.0,3.1
377,Bilibino,100,RU,1573094803,78,68.06,166.44,-7.43,1.54
378,Poronaysk,100,RU,1573094963,52,49.22,143.1,-0.05,5.93
379,Margate,75,AU,1573094963,57,-43.03,147.26,11.67,11.3
380,Narsaq,68,GL,1573094963,63,60.91,-46.05,-2.0,2.1
381,Aksarka,31,RU,1573094963,92,66.56,67.8,-16.3,1.82
382,Leo,0,BF,1573094964,57,11.1,-2.1,25.14,1.99
383,Hohhot,0,CN,1573094964,38,40.81,111.65,5.0,1.0
384,Lima,90,PE,1573094731,88,-12.06,-77.04,17.0,4.1
385,Hagere Selam,47,ET,1573094964,94,6.48,38.52,9.99,1.86
386,Yulara,0,AU,1573094849,6,-25.24,130.99,34.0,5.7
387,Nanzhou,100,CN,1573094964,50,29.37,112.41,17.1,2.33
388,Waipawa,68,NZ,1573094964,56,-39.94,176.59,25.56,2.24
389,Padang,24,ID,1573094964,56,-0.92,100.36,27.38,1.61
390,Mata,87,PT,1573094965,94,40.68,-7.46,11.67,3.58
391,Baruun-Urt,0,MN,1573094965,36,46.68,113.28,0.39,7.94
392,Taclobo,52,PH,1573094965,74,12.31,122.59,28.05,6.59
393,Poum,100,MK,1573094965,93,41.28,20.71,10.55,2.36
394,Barvinkove,30,UA,1573094965,94,48.91,37.03,12.03,3.77
395,Kayerkan,75,RU,1573094965,78,69.35,87.76,-9.0,7.0
396,Usinsk,39,RU,1573094965,95,66.0,57.56,-15.78,3.08
397,North Platte,94,US,1573094965,84,41.12,-100.77,-5.0,1.34
398,Jutai,3,BR,1573094965,89,-1.71,-47.89,23.61,1.15
399,Shitkino,100,RU,1573094966,95,56.37,98.35,-0.68,4.19
400,Faya,26,SA,1573094966,43,18.39,42.45,14.0,2.18
401,Laguna,20,BZ,1573094966,94,16.17,-88.94,24.0,0.9
402,Rawson,33,AR,1573094966,44,-43.3,-65.11,12.83,12.31
403,Kathu,18,ZA,1573094966,35,-27.7,23.05,16.56,6.32
404,Punta Cardon,56,VE,1573094966,78,11.61,-70.22,27.66,9.42
405,Huarmey,97,PE,1573094966,77,-10.07,-78.15,17.19,0.28
406,Druzhba,67,UA,1573094966,95,52.05,33.94,5.85,2.91
407,Honningsvag,31,NO,1573094803,71,70.98,25.97,-0.03,2.79
408,Narragansett,1,US,1573094967,68,41.45,-71.45,5.56,1.61
409,Sakaiminato,75,JP,1573094967,51,35.55,133.23,19.0,1.5
410,Tual,100,ID,1573094967,69,-5.67,132.75,28.4,0.64
411,Kharopon,26,GR,1573094967,95,41.27,23.38,16.11,1.88
412,Cabras,100,CO,1573094967,97,5.5,-75.6,14.44,1.16
413,Aransas Pass,1,US,1573094967,88,27.91,-97.15,23.89,3.1
414,Dingle,33,PH,1573094967,80,11.0,122.67,28.21,6.86
415,Macaubas,1,BR,1573094968,46,-13.02,-42.7,23.26,0.99
416,Nara,75,JP,1573094968,48,34.68,135.8,21.11,1.0
417,Chernyy Yar,90,RU,1573094968,92,64.44,40.96,-5.0,1.25
418,Makakilo City,1,US,1573094968,58,21.35,-158.09,30.0,4.6
419,La Ciotat,0,FR,1573094968,93,43.17,5.6,9.0,3.1
420,Muros,20,ES,1573094968,93,42.77,-9.06,11.11,2.6
421,Nome,1,US,1573094968,82,30.04,-94.42,18.0,1.81
422,Baragua,32,CU,1573094968,92,21.7,-78.63,23.65,3.12
423,Lavumisa,24,ZA,1573094968,73,-27.31,31.88,23.0,1.0
424,Puerto Baquerizo Moreno,71,EC,1573094969,92,-0.9,-89.6,20.89,4.12
425,Lavrentiya,4,RU,1573094968,80,65.58,-170.99,-2.63,6.39
426,Biak,100,ID,1573094969,72,-0.91,122.88,27.65,6.27
427,Akdepe,5,TM,1573094969,73,42.05,59.39,-6.0,1.0
428,Kokopo,100,PG,1573094821,81,-4.34,152.27,28.21,10.32
429,Jumla,100,NP,1573094969,33,29.28,82.18,9.48,0.38
430,Port Blair,100,IN,1573094969,82,11.67,92.75,28.11,7.83
431,Moussoro,0,TD,1573094969,13,13.64,16.49,26.55,3.45
432,Jalu,0,LY,1573094969,37,29.03,21.55,20.07,6.22
433,Guangyuan,0,CN,1573094970,80,32.43,105.86,15.0,1.44
434,Chernyshevskiy,100,RU,1573094970,90,63.01,112.47,-17.16,2.34
435,Touros,20,BR,1573094970,88,-5.2,-35.46,24.0,2.1
436,Bonavista,1,CA,1573094970,76,48.65,-53.11,5.56,8.49
437,Alugan,67,PH,1573094970,62,12.22,125.48,30.53,2.64
438,Samarai,100,PG,1573094970,89,-10.62,150.67,26.47,2.49
439,Gijon,75,ES,1573094970,81,43.54,-5.66,11.67,5.1
440,Beeville,1,US,1573094970,88,28.4,-97.75,22.22,3.1
441,Pacific Grove,1,US,1573094943,76,36.62,-121.92,15.0,3.91
442,Aparan,0,AM,1573094971,62,40.59,44.36,0.0,2.1
443,Brae,2,GB,1573094971,62,60.4,-1.35,4.0,7.2
444,Edson,1,CA,1573094971,100,53.59,-116.44,-10.0,1.5
445,Ayagoz,99,KZ,1573094971,88,47.96,80.43,-2.21,5.28
446,Grand Baie,75,MU,1573094971,83,-20.02,57.58,23.89,4.1
447,Fortuna,90,US,1573094971,100,40.6,-124.16,10.0,0.65
448,Sychevka,99,RU,1573094971,88,55.83,34.27,1.84,3.43
449,Visnes,99,NO,1573094971,80,59.36,5.22,5.0,4.6
450,Qena,0,EG,1573094972,62,26.16,32.72,15.23,1.9
451,Petukhovo,98,RU,1573094972,82,55.06,67.89,1.56,6.91
452,Clyde River,90,CA,1573094972,92,70.47,-68.59,-3.0,4.1
453,Lamesa,90,US,1573094972,93,32.74,-101.95,15.0,5.1
454,Astoria,1,US,1573094972,87,46.19,-123.83,11.11,4.03
455,Kagal,1,IN,1573094972,77,16.58,74.32,23.48,1.74
456,Kodiak,90,US,1573094972,59,39.95,-94.76,3.33,11.3
457,Arlit,0,NE,1573094973,15,18.74,7.39,27.42,4.76
458,Tazovskiy,94,RU,1573094973,96,67.47,78.7,-16.58,2.38
459,Mareeba,0,AU,1573094973,52,-16.99,145.42,33.33,5.7
460,Zyryanka,100,RU,1573094973,93,65.73,150.89,-14.84,5.2
461,Buesaco,100,CO,1573094973,94,1.39,-77.16,10.61,2.66
462,Kharitonovo,97,RU,1573094973,92,61.4,47.5,-10.4,3.2
463,Moerai,100,PF,1573094973,72,-22.43,-151.33,22.93,4.35
464,Anaco,44,VE,1573094973,86,9.43,-64.46,23.66,3.56
465,Bamako,0,ML,1573094974,88,12.65,-8.0,22.0,1.0
466,Cochrane,58,CL,1573094974,91,-47.25,-72.57,-4.78,3.56
467,Souillac,84,FR,1573094974,87,45.6,-0.6,12.0,5.7
468,Mae Sai,75,MM,1573094974,94,20.44,99.89,24.44,2.6
469,Hervey Bay,0,AU,1573094974,42,-25.3,152.85,30.0,5.7
470,Kurayoshi,75,JP,1573094974,49,35.43,133.83,20.0,3.1
471,Bubaque,2,GW,1573094974,75,11.28,-15.83,28.43,5.77
472,Yerbogachen,42,RU,1573094974,88,61.28,108.01,-15.15,3.28
473,La Rioja,0,AR,1573094737,71,-29.41,-66.86,17.7,1.47
474,Matara,65,BI,1573094975,80,-3.48,29.48,14.84,2.18
475,Dumka,82,IN,1573094975,51,24.27,87.25,24.42,1.7
476,Kudahuvadhoo,70,MV,1573094975,75,2.67,72.89,28.09,4.82
477,Wexford,90,US,1573094975,56,40.63,-80.06,8.0,1.67
478,Angoche,96,MZ,1573094975,87,-16.23,39.91,22.67,1.16
479,Tamiahua,0,MX,1573094975,83,21.28,-97.45,25.9,3.31
480,Prieska,0,ZA,1573094975,64,-29.67,22.74,7.1,1.27
481,Vincennes,90,FR,1573094975,93,48.85,2.44,9.44,5.1
482,Hirara,40,JP,1573094976,69,24.8,125.28,27.0,5.1
483,Port-Gentil,100,GA,1573094967,80,-0.72,8.78,26.57,2.5
484,Praia,100,BR,1573094976,96,-20.25,-43.81,18.83,2.95
485,Jurm,93,AF,1573094976,84,36.86,70.83,-4.55,0.92
486,Yumen,2,CN,1573094976,41,40.29,97.04,6.97,10.44
487,Zheleznodorozhnyy,40,RU,1573094976,86,55.75,38.0,6.11,5.0
488,Pachino,100,IT,1573094976,87,36.72,15.09,14.44,1.5
489,Fayaoue,71,NC,1573094976,71,-20.65,166.53,23.5,1.43
490,Bafra,0,TR,1573094977,76,41.57,35.91,11.0,2.1
491,Sisimiut,86,GL,1573094977,75,66.94,-53.67,-7.21,3.12
492,Balkhash,100,KZ,1573094977,94,46.84,74.98,-0.49,5.99
493,Batagay,100,RU,1573094977,96,67.65,134.64,-21.75,0.94
494,Comodoro Rivadavia,12,AR,1573094832,30,-45.87,-67.48,12.0,8.2
495,Sarkand,100,KZ,1573094977,84,45.41,79.91,-3.2,0.52
496,Batemans Bay,0,AU,1573094977,43,-35.71,150.18,22.78,5.36
497,Erenhot,0,CN,1573094978,34,43.65,111.97,1.65,3.35
498,Minna,0,NG,1573094978,58,9.62,6.55,23.92,1.01
499,Natal,20,BR,1573094953,88,-5.81,-35.21,24.0,2.6
500,Port Lincoln,100,AU,1573094978,63,-34.72,135.86,16.62,9.5
501,Nelson,38,CA,1573094978,91,49.49,-117.29,-2.89,0.91
502,Urussu,100,RU,1573094978,89,54.6,53.47,5.82,7.3
503,Port Hawkesbury,75,CA,1573094978,56,45.62,-61.36,5.56,9.3
504,Naron,20,ES,1573094979,87,43.52,-8.15,13.89,2.6
505,Lenggries,76,DE,1573094979,93,47.68,11.58,3.89,3.6
506,Alta Floresta,94,BR,1573094979,95,-9.87,-56.08,22.6,1.74
507,Iquitos,90,PE,1573094979,88,-3.75,-73.25,24.0,1.5
508,Shouguang,69,CN,1573094979,58,36.88,118.73,12.22,1.79
509,Bandarbeyla,89,SO,1573094878,73,9.49,50.81,27.36,2.95
510,Guiglo,89,CI,1573094980,99,6.55,-7.5,21.83,0.65
511,Altay,100,CN,1573094980,97,47.83,88.13,-2.61,2.04
512,Mount Vernon,1,US,1573094980,70,38.73,-77.1,9.0,1.89
513,Leningradskiy,64,RU,1573094980,87,69.38,178.42,-7.71,7.66
514,Seoul,1,KR,1573094969,34,37.57,126.98,14.0,2.1
515,Palmer,75,AU,1573094981,67,-34.85,139.16,17.78,11.3
516,Kaeo,51,NZ,1573094981,65,-35.1,173.78,24.44,4.47
517,Kalabo,66,ZM,1573094981,62,-15.0,22.67,21.78,1.5
518,Malibu,5,MX,1573094981,78,16.77,-93.16,24.0,4.1
519,Ust-Kuyga,100,RU,1573094981,96,70.0,135.55,-19.91,1.53
520,Sorland,0,NO,1573094981,58,67.67,12.69,1.25,4.14
521,Bulgan,9,MN,1573094981,53,48.81,103.53,2.13,1.73
522,Wuda,82,CN,1573094981,42,39.5,106.72,8.11,3.35
523,Katherine,8,AU,1573094981,22,-14.47,132.26,36.0,3.6
524,Sikonge,0,TZ,1573094982,69,-5.63,32.75,19.34,3.58
525,Agboville,55,CI,1573094982,98,5.93,-4.21,23.01,0.13
526,Ust-Nera,100,RU,1573094982,94,64.57,143.24,-16.82,4.14
527,Sistranda,20,NO,1573094982,74,63.73,8.83,-1.67,4.1
528,Camacha,75,PT,1573094982,68,33.08,-16.33,20.0,5.1
529,Bagaces,75,CR,1573094982,83,10.53,-85.25,24.0,2.1
530,Puerto Maldonado,8,PE,1573094982,96,-12.59,-69.19,22.96,1.14
531,Westport,1,US,1573094983,60,41.14,-73.36,9.44,3.46
532,Komsomolskiy,88,RU,1573094983,96,67.55,63.78,-14.86,2.78
533,Salihorsk,66,BY,1573094983,94,52.79,27.54,5.26,4.17
534,Aswan,0,EG,1573094896,43,24.09,32.9,18.87,4.53
535,Richards Bay,0,ZA,1573094983,76,-28.77,32.06,24.18,4.39
536,Anadyr,0,RU,1573094983,85,64.73,177.51,-7.0,3.0
537,Lerwick,60,GB,1573094984,64,60.15,-1.15,4.0,4.6
538,Quimper,0,FR,1573094708,75,48.0,-4.1,9.0,5.1
539,Pokhara,31,NP,1573094984,60,28.21,83.99,20.96,0.48
540,Severo-Yeniseyskiy,100,RU,1573094984,93,60.37,93.04,-5.03,2.36
541,Rocha,45,UY,1573094984,81,-34.48,-54.34,14.08,2.95
542,Birobidzhan,44,RU,1573094984,37,48.79,132.93,-7.41,3.96
543,Ahuimanu,75,US,1573094984,74,21.44,-157.84,30.0,6.2
544,North Bend,1,US,1573094984,100,43.41,-124.22,9.44,3.1
545,Ambilobe,100,MG,1573094984,65,-13.19,49.05,26.11,3.56
546,Tahoua,0,NE,1573094985,17,14.89,5.26,26.43,2.54
547,Manavgat,0,TR,1573094985,76,36.79,31.44,13.0,2.1
548,Wilmington,1,US,1573094985,60,39.75,-75.55,7.22,1.62
549,Makubetsu,75,JP,1573094985,56,42.84,143.34,7.0,1.5
550,Carauari,100,BR,1573094985,95,-4.88,-66.9,22.94,0.96
551,Mogadishu,40,SO,1573094986,79,2.04,45.34,27.24,4.07
552,Redlands,1,US,1573094692,37,34.06,-117.19,27.0,0.77
553,Abancay,75,PE,1573094986,93,-13.64,-72.88,11.15,1.43
554,General Roca,86,AR,1573094886,32,-39.03,-67.58,19.0,8.2
555,Khowai,40,IN,1573094986,88,24.08,91.6,23.0,2.0
556,Traverse City,90,US,1573094986,67,44.76,-85.62,0.56,9.97
557,Isla Mujeres,40,MX,1573094986,78,21.23,-86.73,27.0,2.1
558,Murdochville,80,CA,1573094987,67,48.96,-65.49,-5.96,7.8
559,Mogzon,46,RU,1573094987,55,51.74,111.97,-0.38,9.83
560,Ossora,28,RU,1573094773,87,59.24,163.07,3.87,8.22
561,Chabahar,0,IR,1573094987,19,25.29,60.65,19.0,3.1
562,Amazar,100,RU,1573094987,70,53.86,120.88,-14.26,1.03
563,Inuvik,90,CA,1573094987,61,68.36,-133.71,-10.0,2.6
564,Luganville,90,VU,1573094987,94,-15.51,167.18,26.0,2.6
565,Sinegorye,100,RU,1573094987,97,62.09,150.53,-16.29,3.05
566,Chester,90,GB,1573094988,100,53.19,-2.89,7.22,5.7
567,Misratah,56,LY,1573094988,84,32.38,15.09,22.26,11.98
568,High Rock,24,BS,1573094988,79,26.63,-78.28,26.34,7.28
569,Sao Felix do Xingu,100,BR,1573094988,97,-6.64,-51.99,22.18,1.42
570,Hit,0,IQ,1573094988,44,33.64,42.83,19.09,3.12
571,Vilyuysk,11,RU,1573094988,91,63.75,121.63,-22.0,1.58
572,College,90,US,1573094988,79,64.86,-147.8,-3.0,3.1
